Script	Run	Model	Accuracy_Pairs	Accuracy_Full	Accuracy_Pairs_Types	Accuracy_Full_Types
forWords_Hungarian_EvaluateWeights_Coarse.py	1237581	5134077	0.019978969505783387	0.001148105625717566	0.02680067001675042	0.001890359168241966
forWords_Hungarian_EvaluateWeights_Coarse_FineSurprisal.py	7127333	5680198	0.9989484752891693	0.9988518943742825	0.998324958123953	0.998109640831758
forWords_Hungarian_EvaluateWeights_Fine.py	2444015	5622694	0.9947423764458465	0.9942594718714122	0.9943342776203966	0.9936908517350158
forWords_Hungarian_EvaluateWeights_Nouns_Coarse.py	6807391	1163774	0.3680142687277051	0.3011325782811459	0.363599513579246	0.31068840579710144
forWords_Hungarian_EvaluateWeights_Nouns_Coarse_FineSurprisal.py	8414464	1209567	1.0	1.0	1.0	1.0
forWords_Hungarian_EvaluateWeights_Nouns_Fine.py	726488	7563571	0.4693816884661118	0.13524317121918722	0.5085514834205934	0.14832535885167464
